model,y,term,estimate,std.error,statistic,p.value,p.adj,sig,component,alpha.adj,ci.lower,ci.upper,AIC,min,BIC,pseudoR2,max
fractional_logit,Anthropological_age,arch_index,-0.0976667218458242,0.35136194374845103,-0.2779661360131429,0.7810383542535024,1,,NA,0.01,-1.0027151127049845,0.8073816690133362,43.026253373132874,1,45.82864813645718,0.003987666283908435,0
fractional_logit,Anthropological_age,n_authors_log,-0.3256198617562478,0.24121153621325583,-1.349934861607806,0.17703687801765775,0.8851843900882888,,NA,0.01,-0.9469396050883988,0.2956998815759032,42.16155478901902,1,44.96394955234333,0.04386112628472638,0
fractional_logit,Anthropological_age,n_countries_log,-0.16140962264699543,0.2589473277798128,-0.6233299413857815,0.5330677259365533,1,,NA,0.01,-0.8284137376179193,0.5055944923239284,43.12171951152659,1,45.9241142748509,0.011126176457733039,1
fractional_logit,Anthropological_age,n_samples_log,-0.33532494601141577,0.25199065128399895,-1.330703914223775,0.1832864545929852,0.916432272964926,,NA,0.01,-0.9844098498091125,0.3137599577862809,41.94167910467268,1,44.74407386799699,0.04406913772673182,1
fractional_logit,Anthropological_age,year_publication,-0.0048375742297253645,0.2989330607844724,-0.01618280098236844,0.9870885564961114,1,,NA,0.01,-0.774838111997934,0.7651629635384831,42.92398088708378,1,45.72637565040809,9.93730930975365e-6,1
fractional_logit,Anthropological_sex,arch_index,0.1596791650968895,0.3190224827411772,0.500526369567618,0.6167044932896385,1,,NA,0.01,-0.662068294438758,0.981426624632537,44.63353888920264,1,47.43593365252695,0.010862270483873107,0
fractional_logit,Anthropological_sex,n_authors_log,-0.4235744174314919,0.2506388514313706,-1.6899790874898504,0.09103195556124069,0.4551597778062034,,NA,0.01,-1.0691773155562554,0.2220284806932717,43.24469847687358,1,46.04709324019789,0.07256579075128738,1
fractional_logit,Anthropological_sex,n_countries_log,-0.13059548010485253,0.25240740490291463,-0.5173995594744316,0.6048772671437707,1,,NA,0.01,-0.7807538700865123,0.5195629098768072,45.33275972384037,1,48.13515448716468,0.007296646674407561,1
fractional_logit,Anthropological_sex,n_samples_log,-0.06032642493367045,0.24260342557331685,-0.24866270866170967,0.803621697066185,1,,NA,0.01,-0.6852314376667645,0.5645785877994236,45.616727082014286,1,48.419121845338594,0.001546653844198729,1
fractional_logit,Anthropological_sex,year_publication,0.1639601903764224,0.2924637427448501,0.5606171515060717,0.5750585566140483,1,,NA,0.01,-0.5893764884113495,0.9172968691641943,45.4809192870776,1,48.283314050401906,0.01136706249633544,1
fractional_logit,Body_arrangement,arch_index,0.33828823709388833,0.34999889285956726,0.9665408776867827,0.33377360246149096,1,,NA,0.01,-0.5632491673434569,1.2398256415312336,29.29253020217439,1,32.0949249654987,0.04389673669103461,1
fractional_logit,Body_arrangement,n_authors_log,-0.2721958839768147,0.23625856335368808,-1.152110129313396,0.2492758212564395,1,,NA,0.01,-0.8807576146776087,0.3363658467239793,28.84805315736909,1,31.650447920693402,0.031100951494262372,0
fractional_logit,Body_arrangement,n_countries_log,-0.3545738929009067,0.2987467010745483,-1.1868713248566631,0.23527837963588366,1,,NA,0.01,-1.1240943998672919,0.4149466140654785,27.602665563012565,1,30.405060326336876,0.0485923093373779,0
fractional_logit,Body_arrangement,n_samples_log,0.16230949027631628,0.25642083994224213,0.6329808853011943,0.5267461254870529,1,,NA,0.01,-0.4981868232875333,0.8228058038401658,29.82922852937186,1,32.63162329269617,0.010992327655755205,0
fractional_logit,Body_arrangement,year_publication,0.5096188263396756,0.24399661131123027,2.088630754341217,0.03674097454101305,0.18370487270506525,,NA,0.01,-0.11887479504242227,1.1381124477217734,27.774343036354175,1,30.576737799678487,0.10805283130472366,1
fractional_logit,Body_positioning,arch_index,0.34774362832253314,0.31800125773940097,1.0935290973204443,0.2741615606704744,1,,NA,0.01,-0.4713733299280223,1.1668605865730886,38.18719262122796,0,40.989587384552266,0.05195665109470105,1
fractional_logit,Body_positioning,n_authors_log,-0.29547940958400276,0.2463299175276308,-1.1995270917543293,0.2303230569334568,1,,NA,0.01,-0.929983229492458,0.3390244103244525,37.68205046761082,0,40.48444523093513,0.0401537196292574,0
fractional_logit,Body_positioning,n_countries_log,-0.26454587138077845,0.28263005620552606,-0.9360146437801472,0.349265648110554,1,,NA,0.01,-0.9925526522186451,0.4634609094570882,38.142016302577154,0,40.94441106590146,0.03163833147549786,0
fractional_logit,Body_positioning,n_samples_log,0.08037045958125094,0.27132023867475885,0.2962199206878697,0.7670621366450869,1,,NA,0.01,-0.6185041618430744,0.7792450810055764,39.83805367282992,0,42.64044843615423,0.003069010986714944,1
fractional_logit,Body_positioning,year_publication,0.368231821491935,0.2616289618520994,1.4074581762094784,0.15929157078947878,0.7964578539473939,,NA,0.01,-0.30567972510377983,1.04214336808765,38.22722066770957,0,41.029615431033875,0.06323772928693816,1
fractional_logit,C14,arch_index,-0.037883685430120835,0.23168581497178714,-0.16351318458894,0.870114393055124,1,,NA,0.01,-0.6346667968510586,0.5588994259908169,42.66950790836214,0,45.47190267168645,8.964878323530083e-4,1
fractional_logit,C14,n_authors_log,0.14129915550338173,0.25185901044177034,0.561024818034255,0.5747806186156559,1,,NA,0.01,-0.5074466639553588,0.7900449749621221,43.10681482545241,0,45.90920958877672,0.01237234275480515,1
fractional_logit,C14,n_countries_log,0.21432986963139403,0.21981246471484575,0.9750578517439215,0.32953156413845697,1,,NA,0.01,-0.3518695182664143,0.7805292575292023,42.46092858367245,0,45.263323346996756,0.027715684423221844,1
fractional_logit,C14,n_samples_log,-0.31958604087371767,0.21676924437277606,-1.4743145034178766,0.14039693196552325,0.7019846598276163,,NA,0.01,-0.8779466126372667,0.23877453088983136,40.45136490056737,0,43.25375966389168,0.0592859110371217,1
fractional_logit,C14,year_publication,-0.1323653146599997,0.2958008089591529,-0.4474812463351918,0.6545276255106336,1,,NA,0.01,-0.8942977063904557,0.6295670770704563,42.4256318255313,0,45.228026588855606,0.010963896840180204,1
fractional_logit,Culture,arch_index,0.5546351429542712,0.2820107412135443,1.9667163760060122,0.04921591788664345,0.24607958943321726,,NA,0.01,-0.17177638817912166,1.281046674087664,42.49799717710411,1,45.30039194042842,0.12034432573818282,1
fractional_logit,Culture,n_authors_log,-0.2903199765898175,0.2664239561364291,-1.08969171091038,0.275848968698262,1,,NA,0.01,-0.9765826099734585,0.3959426567938234,43.973887286465946,1,46.776282049790254,0.036094769327974605,0
fractional_logit,Culture,n_countries_log,-0.07944817827325956,0.24008433968926737,-0.33091778654154,0.7407065864699216,1,,NA,0.01,-0.6978644557680627,0.5389680992215435,44.92587447347114,1,47.72826923679545,0.0027752492415685837,1
fractional_logit,Culture,n_samples_log,0.25264504147826006,0.2971098903923233,0.8503420776220242,0.39513492907843806,1,,NA,0.01,-0.512659320568488,1.017949403525008,44.664792612751995,1,47.4671873760763,0.027781845784665856,0
fractional_logit,Culture,year_publication,0.2677057835884356,0.31563392010115365,0.8481527698374175,0.3963528964886201,1,,NA,0.01,-0.545313317002128,1.0807248841789994,45.36481061539102,1,48.16720537871533,0.030598114143209138,0
fractional_logit,Geolocation,arch_index,0.7464030234088415,0.3720396957323927,2.006245655962818,0.04483004493511567,0.22415022467557835,,NA,0.01,-0.21190772694207227,1.7047137737597553,34.22196648307776,1,37.024361246402066,0.10709050255038803,1
fractional_logit,Geolocation,n_authors_log,0.5626261620991985,0.5318159054981173,1.0579340638039458,0.2900855040172481,1,,NA,0.01,-0.8072408313762446,1.9324931555746416,37.42631480597651,1,40.22870956930082,0.05214095469405252,0
fractional_logit,Geolocation,n_countries_log,0.3873847877327315,0.47507118831001593,0.8154247137377164,0.41482924276445354,1,,NA,0.01,-0.8363175003880052,1.611087075853468,37.640562050602156,1,40.442956813926465,0.024955450583608013,0
fractional_logit,Geolocation,n_samples_log,2.287484631973913,0.9413660531761663,2.4299629503910265,0.015100366346348598,0.07550183173174299,,NA,0.01,-0.13731363316342815,4.712282897111254,18.464099460705796,1,21.266494224030108,0.4848490512017972,0
fractional_logit,Geolocation,year_publication,1.5587016981449948,0.5362279464757345,2.906789376401011,0.003651589768269631,0.018257948841348154,*,NA,0.01,0.1774700402309468,2.9399333560590426,28.41401971506584,1,31.216414478390153,0.25714458081387687,0
fractional_logit,Grave,arch_index,0.025943287725814536,0.30165239591350657,0.08600391734748002,0.9314633031738108,1,,NA,0.01,-0.7510617931539301,0.8029483686055592,35.31376108471956,0,38.11615584804387,4.942752317682659e-4,1
fractional_logit,Grave,n_authors_log,0.2846557966665993,0.19248570687960095,1.4788412151799426,0.13918275753672837,0.6959137876836419,,NA,0.01,-0.21115452762820092,0.7804661209613994,33.70805289706493,0,36.51044766038924,0.05930004847949707,0
fractional_logit,Grave,n_countries_log,0.1886783700408625,0.1944747539448664,0.9701946716145624,0.3319494661897304,1,,NA,0.01,-0.31225539997078644,0.6896121400525115,34.74943704949901,0,37.551831812823316,0.02681692951280932,0
fractional_logit,Grave,n_samples_log,-0.07554366414824064,0.24981608423215773,-0.3023971189862892,0.7623493507243777,1,,NA,0.01,-0.7190272544112728,0.5679399261147915,35.25356018231163,0,38.05595494563594,0.004269186523012113,1
fractional_logit,Grave,year_publication,0.04945193914904158,0.21358034836102033,0.23153787100979767,0.816896967810667,1,,NA,0.01,-0.5006945808214569,0.59959845911954,35.3591127752879,0,38.161507538612206,0.0018068387546424417,1
fractional_logit,Grave_goods,arch_index,0.04909734856663642,0.3382917199758513,0.14513316663541512,0.8846057323225489,1,,NA,0.01,-0.8222843768951201,0.9204790740283929,45.085491481011644,0,47.88788624433595,9.98635254687092e-4,1
fractional_logit,Grave_goods,n_authors_log,-0.3197292604726259,0.2556813215573013,-1.2504990920933217,0.21111728677145306,1,,NA,0.01,-0.9783207009100316,0.3388621799647798,42.96419174742728,0,45.76658651075159,0.04065193001955775,0
fractional_logit,Grave_goods,n_countries_log,-0.43522353874722153,0.275898844388883,-1.5774750333269547,0.11468626243596788,0.5734313121798394,,NA,0.01,-1.1458918669393845,0.27544478944494133,42.27323955822883,0,45.07563432155314,0.07163008005102518,0
fractional_logit,Grave_goods,n_samples_log,-0.09385750549372616,0.31170972593341656,-0.30110547629744094,0.7633340652237758,1,,NA,0.01,-0.896768551754217,0.7090535407667646,44.63361757129219,0,47.4360123346165,0.0036798771956748364,0
fractional_logit,Grave_goods,year_publication,0.18577104587878768,0.3038908231705924,0.6113085085642849,0.5409953591633456,1,,NA,0.01,-0.5969998415236213,0.9685419332811966,45.441604160389886,0,48.243998923714194,0.014228118638641084,1
fractional_logit,Images,arch_index,-0.014323328149773813,0.4079877190230062,-0.035107253189074865,0.9719942177705538,1,,NA,0.01,-1.0652300502973082,1.0365833939977604,27.627989350648075,1,30.430384113972387,3.481640196190135e-5,1
fractional_logit,Images,n_authors_log,-0.6915995614469147,0.4028934585069208,-1.716581758388203,0.08605561782663985,0.43027808913319926,,NA,0.01,-1.729384338077204,0.34618521518337475,25.110821726606282,1,27.913216489930594,0.06419327481594049,0
fractional_logit,Images,n_countries_log,-1.3745020800522536,0.6850399200064375,-2.0064554486683592,0.04480767747318955,0.22403838736594772,,NA,0.01,-3.1390479801056297,0.3900438200011225,22.926423272982934,1,25.728818036307246,0.13805851642397862,0
fractional_logit,Images,n_samples_log,-0.91606057751993,0.3121905535731658,-2.9342994752249596,0.0033430148577603415,0.016715074288801708,*,NA,0.01,-1.720210153704843,-0.11191100133501686,26.26793518834736,1,29.07032995167167,0.1529149919663264,1
fractional_logit,Images,year_publication,-0.5000504204353508,0.4432964006017871,-1.1280272516458931,0.2593084103034511,1,,NA,0.01,-1.641906279263186,0.6418054383924846,27.8276184357446,1,30.630013199068912,0.03802817460654264,0
fractional_logit,IndividualID,arch_index,0.11786715278334682,0.42087910023986697,0.28004990676935987,0.7794392160544492,1,,NA,0.01,-0.9662455668657974,1.201979872432491,36.77789582660634,1,39.58029058993065,0.004689997257027675,1
fractional_logit,IndividualID,n_authors_log,-0.41018161733657993,0.28144880154384777,-1.4573933699009782,0.14500782619597688,0.7250391309798844,,NA,0.01,-1.135145687801942,0.314782453128782,35.44858918348111,1,38.25098394680542,0.05437173650843486,1
fractional_logit,IndividualID,n_countries_log,-0.1445699833027136,0.28879727983605463,-0.5005932998565068,0.6166573788189783,1,,NA,0.01,-0.888462479489635,0.5993225128842077,36.78249303053606,1,39.58488779386037,0.0070639757299886885,1
fractional_logit,IndividualID,n_samples_log,0.16361100391295988,0.3119379833019379,0.5244984986473863,0.5999318637758639,1,,NA,0.01,-0.6398879943661192,0.967110002192039,36.87290692827783,1,39.67530169160214,0.009114558786606818,0
fractional_logit,IndividualID,year_publication,0.3429501344197505,0.30359157442347856,1.1296431235649869,0.25862663221952203,1,,NA,0.01,-0.43904993929079233,1.1249502081302933,36.71582552755109,1,39.5182202908754,0.03682009578847984,1
fractional_logit,Multiple_names,arch_index,0.29759213650624755,0.2512693813174051,1.1843549538187752,0.2362725837925722,1,,NA,0.01,-0.349634898975727,0.9448191719882222,24.30391571486303,1,27.106310478187343,0.023863809983368317,1
fractional_logit,Multiple_names,n_authors_log,-0.10036356003840428,0.40218548018922984,-0.24954545845658785,0.8029388820401865,1,,NA,0.01,-1.136324705371708,0.9355975852948994,24.197688914070294,1,27.000083677394606,0.0030795476498182146,1
fractional_logit,Multiple_names,n_countries_log,-0.3046132023834679,0.4755170615946714,-0.6405936337214306,0.5217867368695005,1,,NA,0.01,-1.5294639839764899,0.920237579209554,24.421198742006304,1,27.223593505330616,0.025102666244781826,1
fractional_logit,Multiple_names,n_samples_log,0.129694580453117,0.32931735235349885,0.39382856544376393,0.6937076130951334,1,,NA,0.01,-0.7185707059061637,0.9779598668123977,24.4227216162546,1,27.22511637957891,0.004928232048072995,1
fractional_logit,Multiple_names,year_publication,-0.4281207537421556,0.48743761200977614,-0.8783088198240416,0.3797761507455018,1,,NA,0.01,-1.6836768384088363,0.827435330924525,23.943525423270707,1,26.74592018659502,0.05263899115495123,0
fractional_logit,Overall_chronology,arch_index,0.260833448053367,0.3977106343304409,0.6558372483363156,0.5119288472992785,1,,NA,0.01,-0.7636012581880038,1.2852681542947377,24.782439808935337,1,27.58483457225965,0.02670261337659283,0
fractional_logit,Overall_chronology,n_authors_log,-0.1817156840277016,0.2313958904320379,-0.7853021230775591,0.4322764513301891,1,,NA,0.01,-0.7777519993233353,0.4143206312679321,26.2645443111564,1,29.06693907448071,0.012278126771319583,1
fractional_logit,Overall_chronology,n_countries_log,-0.1751455410757434,0.35627827595025935,-0.4915975878927734,0.6230038489661711,1,,NA,0.01,-1.0928575644863028,0.7425664823348159,26.177739831170243,1,28.980134594494555,0.011775688522116915,0
fractional_logit,Overall_chronology,n_samples_log,0.3580928130318235,0.342370995142552,1.045920414148183,0.2955977783618247,1,,NA,0.01,-0.52379642894156,1.239982055005207,24.83691462360051,1,27.639309386924822,0.050943385664110524,0
fractional_logit,Overall_chronology,year_publication,0.38429413172230625,0.3606477611454239,1.0655663867197762,0.2866197007464206,1,,NA,0.01,-0.5446729396953811,1.3132612031399935,25.318818246675608,1,28.12121300999992,0.05092663514427007,0
fractional_logit,References,arch_index,-0.11566887293907932,0.49243898384772655,-0.23488975636186998,0.8142943004100779,1,,NA,0.01,-1.3841076377438968,1.152769891865738,24.194968053903693,1,26.997362817228005,0.00355645615878787,0
fractional_logit,References,n_authors_log,-0.7055669645769154,0.29405277902173954,-2.399456882958934,0.016419413410989497,0.08209706705494749,,NA,0.01,-1.4629967295711013,0.05186280041727054,22.543653582607487,1,25.3460483459318,0.1330234338481141,1
fractional_logit,References,n_countries_log,-0.5087835604245551,0.36325561462016304,-1.4006213254447915,0.16132734040989968,0.8066367020494984,,NA,0.01,-1.4444680172418374,0.4269008963927271,24.520555634838228,1,27.32295039816254,0.07942823380408763,0
fractional_logit,References,n_samples_log,-0.028055377576118704,0.3313100647811746,-0.08468012462781313,0.9325156974524831,1,,NA,0.01,-0.8814535510001527,0.8253427958479151,24.316197942655084,1,27.118592705979395,2.1756298355886733e-4,1
fractional_logit,References,year_publication,0.6441079323797484,0.355500652752018,1.8118333324947522,0.07001195304164394,0.3500597652082197,,NA,0.01,-0.2716010664096614,1.5598169311691583,23.334846185292275,1,26.137240948616586,0.0993343058492436,1
fractional_logit,Sample_chronology,arch_index,0.012394466318326549,0.3332244926446238,0.03719554412089678,0.9703290914320223,1,,NA,0.01,-0.8459349464959103,0.8707238791325633,23.684447238443067,1,26.48684200176738,1.4720601234855211e-5,0
fractional_logit,Sample_chronology,n_authors_log,0.7812076595074197,0.7440212306857529,1.0499803329367263,0.29372715505836733,1,,NA,0.01,-1.1352640289554587,2.697679347970298,22.433390516254622,1,25.235785279578934,0.04456097933112468,1
fractional_logit,Sample_chronology,n_countries_log,0.40144522985945186,0.9725492566800562,0.4127762445984955,0.6797705575632425,1,,NA,0.01,-2.1036756446417377,2.9065661043606412,23.530624657687756,1,26.333019421012068,0.012297959083482073,0
fractional_logit,Sample_chronology,n_samples_log,0.43144473120577853,0.3386279336034516,1.2740966954929935,0.20262914940970445,1,,NA,0.01,-0.44080302317020337,1.3036924855817604,22.994407640569538,1,25.79680240389385,0.020779837681202555,0
fractional_logit,Sample_chronology,year_publication,3.028632819479422,1.305574887754576,2.3197695114129284,0.020353349228095837,0.10176674614047919,,NA,0.01,-0.33430523437638104,6.391570873335225,15.802337942062207,1,18.604732705386517,0.20764985978791214,0
fractional_logit,Site_description,arch_index,-0.6316283287016654,0.28871149938750645,-2.187749119940313,0.02868788192556827,0.14343940962784135,,NA,0.01,-1.375299869095545,0.11204321169221398,12.740782387193097,1,15.543177150517408,0.025563656293266374,1
fractional_logit,Site_description,n_authors_log,-0.6518556778549287,0.23080110666941475,-2.8243178174557304,0.004738137610772634,0.02369068805386317,*,NA,0.01,-1.2463599317055225,-0.057351424004334794,12.731526875240776,1,15.533921638565086,0.03809150815231356,1
fractional_logit,Site_description,n_countries_log,-1.2497355673899104,0.5638017095161788,-2.2166225222381097,0.0266488972012828,0.133244486006414,,NA,0.01,-2.701992532152649,0.2025213973728277,10.704198065266532,1,13.506592828590843,0.14396380163015385,0
fractional_logit,Site_description,n_samples_log,-0.351883287816724,0.2119483863920598,-1.6602310298593836,0.09686798453578188,0.4843399226789094,,NA,0.01,-0.8978261523252966,0.19405957669184853,13.096463505679376,1,15.898858269003686,0.0089468892747811,1
fractional_logit,Site_description,year_publication,0.9179437337886309,0.36516144382615134,2.5138024545265303,0.011943731475507076,0.05971865737753538,,NA,0.01,-0.022649813744995195,1.8585372813222572,12.172862872611685,1,14.975257635935996,0.05674953860196728,1
xbx,Anthropological_age,arch_index,-0.17773230102791138,0.26857499240007926,-0.6617604246755586,0.5081247728519672,1,,mu,0.01,-0.8695356366524586,0.5140710345966358,49.579006029808376,0,55.183795556457,0.004727574711646389,1
xbx,Anthropological_age,n_authors_log,-0.22416145137304472,0.2491610166918745,-0.8996650212350613,0.3682985433815123,1,,mu,0.01,-0.8659576994700116,0.4176347967239222,49.21614724428454,0,54.820936770933166,0.04456651715905275,1
xbx,Anthropological_age,n_countries_log,-0.22731729848544244,0.2589973701357781,-0.8776818790332599,0.3801163810758337,1,,mu,0.01,-0.8944503140232805,0.4398157170523955,49.24101285027134,0,54.84580237691996,0.010364915136845818,0
xbx,Anthropological_age,n_samples_log,-0.23849906449015024,0.25277117978957986,-0.9435374107471014,0.34540608922266425,1,,mu,0.01,-0.8895944764847775,0.41259634750447705,49.13846477623187,0,54.743254302880494,0.04193141859999493,0
xbx,Anthropological_age,year_publication,0.01328404544018417,0.26485307450495565,0.050156281798932306,0.9599978497470038,1,,mu,0.01,-0.6689322650047007,0.695500355885069,50.01771470090345,0,55.62250422755207,9.826540607606506e-6,0
xbx,Anthropological_sex,arch_index,0.08931943487020567,0.2592132198877295,0.3445790107035889,0.7304108874770868,1,,mu,0.01,-0.5783695727838725,0.7570084425242838,46.257774747847904,0,51.86256427449653,0.011535915976688625,1
xbx,Anthropological_sex,n_authors_log,-0.2913153253773627,0.24947082356849049,-1.1677330487402031,0.24291446155642074,1,,mu,0.01,-0.933909583105558,0.35127893235083263,45.024511404948406,0,50.62930093159703,0.07190596807035053,0
xbx,Anthropological_sex,n_countries_log,-0.14087155154682343,0.25730874422730743,-0.5474806228208747,0.5840485793589101,1,,mu,0.01,-0.8036549549868908,0.521911851893244,46.075963933047426,0,51.68075345969605,0.007046894532236638,0
xbx,Anthropological_sex,n_samples_log,0.030639433460631756,0.25042410611928767,0.12235017600916138,0.9026216957463572,1,,mu,0.01,-0.6144103173964688,0.6756891843177324,46.36139701388527,0,51.96618654053389,0.0015423764895877877,0
xbx,Anthropological_sex,year_publication,0.23825277364452593,0.26219711654960914,0.9086780845640886,0.3635200756486497,1,,mu,0.01,-0.43712224246998355,0.9136277897590354,45.54341118897512,0,51.148200715623744,0.011364284797539145,0
xbx,Body_arrangement,arch_index,0.18776124684515047,0.23615956376840666,0.7950609488306868,0.4265780491971548,1,,mu,0.01,-0.42054547782283647,0.7960679715131375,35.5689538426862,0,41.17374336933482,0.04245961179112307,0
xbx,Body_arrangement,n_authors_log,-0.08468557330812237,0.2368150234209636,-0.35760219974551555,0.7206410318772171,1,,mu,0.01,-0.6946806501564595,0.5253095035402147,36.07742342053072,0,41.68221294717934,0.03383691032656743,1
xbx,Body_arrangement,n_countries_log,-0.1356273224065497,0.24605689116000945,-0.5512031049695414,0.5814944518218899,1,,mu,0.01,-0.7694278729966444,0.4981732281835449,35.902925741424575,0,41.5077152680732,0.0531237698676085,1
xbx,Body_arrangement,n_samples_log,0.2548314160132645,0.2517051341944822,1.0124204133888135,0.31133708207013755,1,,mu,0.01,-0.393518044498591,0.9031808765251199,35.11132541133644,0,40.716114937985054,0.011422628714341783,1
xbx,Body_arrangement,year_publication,0.41389911334283686,0.23120476027196885,1.7901842196326863,0.0734243010916029,0.36712150545801453,,mu,0.01,-0.181644883285699,1.0094431099713728,32.857470044994315,0,38.46225957164293,0.09808307025887442,0
xbx,Body_positioning,arch_index,0.26522314977294925,0.23400280550985353,1.133418675024309,0.25703847529038315,1,,mu,0.01,-0.33752813377198543,0.8679744333178839,33.6108143451877,1,39.21560387183632,0.048780732057034336,0
xbx,Body_positioning,n_authors_log,-0.14756063343201284,0.23721408061182253,-0.6220568064569543,0.5339045155431161,1,,mu,0.01,-0.7585836134863563,0.46346234662233055,34.57087944438271,1,40.175668971031335,0.04367196536360124,1
xbx,Body_positioning,n_countries_log,-0.1088128768662925,0.23950975560980842,-0.4543150093792521,0.6496021145565679,1,,mu,0.01,-0.7257491238518725,0.5081233701192875,34.749306547921954,1,40.35409607457058,0.03291731672599551,1
xbx,Body_positioning,n_samples_log,0.22259003955332676,0.24371000307232152,0.9133397757468028,0.36106386898053044,1,,mu,0.01,-0.40516532792835136,0.8503454070350049,34.10182853106545,1,39.706618057714074,0.002848144500426264,0
xbx,Body_positioning,year_publication,0.4217280891208445,0.23907438348032636,1.7640036668987116,0.07773136182941696,0.38865680914708484,,mu,0.01,-0.1940867135756672,1.0375428918173561,31.69470329038712,1,37.29949281703574,0.05792400982903706,0
xbx,C14,arch_index,-0.03060260717272399,0.11282745438879291,-0.2712336934171204,0.786211300314173,1,,mu,0.01,-0.3212268704322037,0.2600216560867557,40.66259988719087,1,46.267389413839496,8.488707061088668e-4,0
xbx,C14,n_authors_log,0.056353445492744,0.12007059063002105,0.46933595643239917,0.6388295179310863,1,,mu,0.01,-0.2529279003464882,0.36563479133197624,40.48832534473358,1,46.093114871382205,0.011717386433140513,0
xbx,C14,n_countries_log,0.09662283406880083,0.11048175718801533,0.8745591718311495,0.3818138109764892,1,,mu,0.01,-0.18795931360366336,0.38120498174126505,39.76546442011838,1,45.370253946767,0.02529748646471051,0
xbx,C14,n_samples_log,-0.17925755078358416,0.1691261770052505,-1.0599042321994845,0.2891881700720016,1,,mu,0.01,-0.6148977135109066,0.25638261194373824,38.476087033785504,1,44.08087656043413,0.05374237880221999,0
xbx,C14,year_publication,-0.09374813600197614,0.12445531806740288,-0.7532674172364715,0.451289234218583,1,,mu,0.01,-0.4143237912624913,0.22682751925853906,40.03313532607668,1,45.637924852725305,0.010572931816534738,0
xbx,Culture,arch_index,0.500406616703727,0.2508416858043759,1.9949101167099457,0.04605268393676697,0.23026341968383485,,mu,0.01,-0.1457187481427905,1.1465319815502446,48.79436466962397,0,54.39915419627259,0.11805283127272558,0
xbx,Culture,n_authors_log,-0.24138217448643876,0.23022760919467306,-1.0484501634308063,0.29443125206143644,1,,mu,0.01,-0.8344091967360817,0.35164484776320426,51.961378506696015,0,57.56616803334464,0.03805351480231296,1
xbx,Culture,n_countries_log,-0.10289053182346157,0.23178600212162054,-0.44390312996327463,0.6571126215231899,1,,mu,0.01,-0.6999317082407792,0.4941506445938561,52.87283706768699,0,58.47762659433561,0.002773113438429367,0
xbx,Culture,n_samples_log,0.24131845672730295,0.2430887598246168,0.9927174621377348,0.32084766267898795,1,,mu,0.01,-0.38483669419230554,0.8674736076469114,52.083234666438635,0,57.68802419308726,0.028102515724315092,1
xbx,Culture,year_publication,0.29688313433893954,0.24858514193726824,1.194291549467826,0.23236394207800104,1,,mu,0.01,-0.3434297586899385,0.9371960273678176,51.58528330971261,0,57.19007283636123,0.03097363133851641,1
xbx,Geolocation,arch_index,0.4255536306547508,0.3502853197623124,1.2148771491294925,0.22441295032891137,1,,mu,0.01,-0.4767215605920101,1.3278288219015117,51.53455632277303,0,57.13934584942165,0.10131190519413417,0
xbx,Geolocation,n_authors_log,0.20631529700663762,0.38626439319688,0.5341297324847599,0.5932517802544242,1,,mu,0.01,-0.7886358459074202,1.2012664399206954,52.757681421228135,0,58.36247094787676,0.05768116776168021,1
xbx,Geolocation,n_countries_log,0.11469039058772502,0.3544456661231942,0.3235767891935861,0.7462584628690391,1,,mu,0.01,-0.7983011427283083,1.0276819239037585,52.93971285539711,0,58.544502382045735,0.025171488093508526,1
xbx,Geolocation,n_samples_log,1.4217254492021003,0.4805612876700211,2.9584685360222616,0.0030917180228501764,0.015458590114250883,*,mu,0.01,0.18388160227046724,2.6595692961337334,41.0551522016955,0,46.65994172834412,0.5582684487988513,1
xbx,Geolocation,year_publication,0.909801990785962,0.4244568231160003,2.1434500312822657,0.03207697936950456,0.16038489684752277,,mu,0.01,-0.1835263322875036,2.003130313859428,47.66521304961476,0,53.27000257626339,0.26440787882562894,1
xbx,Grave,arch_index,0.07708371717669892,0.20064725204856107,0.384175294651147,0.7008485279676043,1,,mu,0.01,-0.4397493543265467,0.5939167886799446,16.756348533780255,1,22.36113806042888,3.952447475287583e-4,0
xbx,Grave,n_authors_log,0.2356542920304898,0.1978936705371071,1.1908126793085188,0.23372713019721295,1,,mu,0.01,-0.2740860235258422,0.7453946075868219,15.50887541545514,1,21.113664942103764,0.06419305436777165,1
xbx,Grave,n_countries_log,0.2654035569011422,0.2067891359344407,1.2834501953008028,0.19933439778715042,0.9966719889357522,,mu,0.01,-0.26724995909434696,0.7980570728966314,15.198612947001227,1,20.803402473649847,0.027131024414729924,1
xbx,Grave,n_samples_log,0.029194614182348415,0.21509620187430245,0.1357281715248934,0.8920361761460186,1,,mu,0.01,-0.5248564856875497,0.5832457140522465,16.88825550277261,1,22.493045029421232,0.004254486450710863,0
xbx,Grave,year_publication,0.16763337130609565,0.21336245493818964,0.7856741775616448,0.43205839506337346,1,,mu,0.01,-0.38195189240082494,0.7172186350130163,16.26643485528352,1,21.87122438193214,0.0014808562988351311,0
xbx,Grave_goods,arch_index,0.17749115002599986,0.2544532251480982,0.6975394001105528,0.4854652910318232,1,,mu,0.01,-0.4779369236929974,0.8329192237449972,31.959724940943737,1,37.56451446759236,8.170837828505607e-4,0
xbx,Grave_goods,n_authors_log,-0.03138637510881447,0.25806448574898605,-0.1216222178643494,0.9031982168022089,1,,mu,0.01,-0.6961164397063302,0.6333436894887012,32.440233671617605,1,38.04502319826622,0.04098108397796467,1
xbx,Grave_goods,n_countries_log,-0.140877556399744,0.25831285494910333,-0.5453757089537871,0.5854951435129603,1,,mu,0.01,-0.8062473776610208,0.5244922648615329,32.15806822549759,1,37.76285775214621,0.07208476253923245,1
xbx,Grave_goods,n_samples_log,0.2696702538703487,0.2656435198521201,1.0151584123733575,0.3100303211109355,1,,mu,0.01,-0.41458210886261615,0.9539226166033136,31.416440528241043,1,37.021230054889664,0.004127597217829266,1
xbx,Grave_goods,year_publication,0.376404989191817,0.2604281625107999,1.4453313557292695,0.14836483449657978,0.7418241724828989,,mu,0.01,-0.2944135032728965,1.0472234816565305,30.340248954913324,1,35.945038481561944,0.013602623130475226,0
xbx,Images,arch_index,0.15732859728483464,0.35673915362770353,0.44101858650767645,0.6591995413311658,1,,mu,0.01,-0.761570568352637,1.0762277629223063,47.27541419524034,0,52.88020372188896,1.8799818496187017e-5,0
xbx,Images,n_authors_log,0.12285350154851901,0.33830186791297173,0.3631475708556333,0.7164946502824876,1,,mu,0.01,-0.7485543632670428,0.9942613663640809,47.34303203749587,0,52.94782156414449,0.06517675062056093,1
xbx,Images,n_countries_log,-0.06308942170353031,0.34648505244356476,-0.18208410798271382,0.8555167202423782,1,,mu,0.01,-0.9555757730293417,0.8293969296222812,47.44213919271564,0,53.04692871936427,0.1430895548978769,1
xbx,Images,n_samples_log,-0.2715995120027428,0.33603682083578573,-0.8082433089541335,0.4189505306166332,1,,mu,0.01,-1.1371730021829713,0.5939739781774857,46.845768560457515,0,52.45055808710614,0.15191695564896954,0
xbx,Images,year_publication,-0.37995452361598225,0.3541611695735319,-1.0728294241672789,0.28334765629480735,1,,mu,0.01,-1.292213242382637,0.5323041951506723,46.28884596755064,0,51.893635494199266,0.039462114396252544,1
xbx,IndividualID,arch_index,-0.04818720260695701,0.2879023403940413,-0.16737343135524696,0.8670762289812777,1,,mu,0.01,-0.7897744875542386,0.6934000823403247,40.303871908869475,0,45.9086614355181,0.004369606073014263,0
xbx,IndividualID,n_authors_log,-0.5195854029202497,0.2606249539981437,-1.9936134086529196,0.0461943188813943,0.23097159440697151,,mu,0.01,-1.1909107966647523,0.15173999082425293,36.20564909950623,0,41.810438626154856,0.04466708728521879,0
xbx,IndividualID,n_countries_log,-0.3927521298443793,0.25983340346615424,-1.5115536517056745,0.13064745006172412,0.6532372503086206,,mu,0.01,-1.0620386245333437,0.2765343648445851,37.96341738433121,0,43.56820691097983,0.003744248601942655,0
xbx,IndividualID,n_samples_log,-0.19236532598637568,0.27520123035860344,-0.6989987862180423,0.4845527893846249,1,,mu,0.01,-0.9012367195167775,0.5165060675440262,39.831234790197605,0,45.43602431684623,0.010907391623629964,1
xbx,IndividualID,year_publication,0.21252232002063984,0.25012783096273367,0.8496548313022526,0.39551701775819453,1,,mu,0.01,-0.43176427660629535,0.8568089166475751,39.6061463871915,0,45.210935913840125,0.03187339576757386,0
xbx,Multiple_names,arch_index,0.3741091093082139,0.2767673452215272,1.351709714918765,0.17646819602762526,0.8823409801381263,,mu,0.01,-0.3387963287788304,1.0870145473952582,36.400422868718124,0,42.00521239536674,0.009858984905069835,0
xbx,Multiple_names,n_authors_log,0.18345251564883427,0.2827823938862053,0.6487409386691081,0.5165058382972346,1,,mu,0.01,-0.5449466610509607,0.9118516923486292,37.97002880973085,0,43.57481833637947,0.0011038454301895038,0
xbx,Multiple_names,n_countries_log,0.07928569720850634,0.30868556286654497,0.25684938573814736,0.797295044285631,1,,mu,0.01,-0.7158356212056264,0.874407015622639,38.33442743690914,0,43.93921696355776,0.020353350565320345,0
xbx,Multiple_names,n_samples_log,0.5864265533927474,0.3333779551769378,1.7590441847947205,0.07857000400948272,0.3928500200474136,,mu,0.01,-0.27229815270922064,1.4451512594947156,34.77250068565279,0,40.37729021230141,0.004321307143238111,0
xbx,Multiple_names,year_publication,-0.2703471692876938,0.2774260354960145,-0.9744837711584484,0.3298163932405173,1,,mu,0.01,-0.9849492810857252,0.44425494251033765,37.472311824686095,0,43.07710135133472,0.07464578328578451,1
xbx,Overall_chronology,arch_index,0.06959354203255524,0.21732944028057194,0.32022142026736045,0.7488004864201796,1,,mu,0.01,-0.4902099987660226,0.629397082831133,41.78407190450423,0,47.388861431152854,0.030322029209462878,1
xbx,Overall_chronology,n_authors_log,-0.22604631092079797,0.2300062900731646,-0.9827831701858808,0.3257141666510409,1,,mu,0.01,-0.8185032528918238,0.36641063105022786,40.794449393233876,0,46.3992389198825,0.009334477803072712,0
xbx,Overall_chronology,n_countries_log,-0.19052158369420896,0.2180133940869354,-0.8738985257861553,0.3821735176182769,1,,mu,0.01,-0.7520868727494916,0.37104370536107373,41.065335626379465,0,46.67012515302809,0.016195777428219586,1
xbx,Overall_chronology,n_samples_log,0.13497386021813068,0.20024723570376815,0.674036072177304,0.5002883806020779,1,,mu,0.01,-0.38082883746229884,0.6507765578985603,41.51174948557396,0,47.11653901222258,0.05817452204519452,1
xbx,Overall_chronology,year_publication,0.15777227599295116,0.20067912317020425,0.7861917747125992,0.43175514414979926,1,,mu,0.01,-0.35914289007935996,0.6746874420652623,41.31253982445725,0,46.91732935110587,0.053266078295763616,1
xbx,References,arch_index,-0.28605063294392075,0.2888408125291535,-0.9903400784646694,0.3220079232130122,1,,mu,0.01,-1.0300552619173886,0.4579539960295471,39.25765051336594,0,44.86244004001456,0.009611092532585774,1
xbx,References,n_authors_log,-0.8147134440557008,0.29086463270070395,-2.8010055278670842,0.0050943646371951834,0.025471823185975916,*,mu,0.01,-1.5639310883321618,-0.06549579977923992,31.169729210709395,0,36.774518737358015,0.10504508156624735,0
xbx,References,n_countries_log,-0.5022330762002849,0.2707612355719503,-1.854892836263575,0.06361153117746214,0.3180576558873107,,mu,0.01,-1.1996678010516213,0.1952016486510515,36.51718333081598,0,42.1219728574646,0.08543036925885236,1
xbx,References,n_samples_log,-0.3996565484869967,0.31194906937555317,-1.2811596113654475,0.20013760916404888,1,,mu,0.01,-1.2031841025993553,0.4038710056253618,38.50337930034127,0,44.108168826989896,1.0029329736216306e-5,0
xbx,References,year_publication,0.3076354245859625,0.24054061279053413,1.27893340345755,0.20092050853927584,1,,mu,0.01,-0.3119561345335047,0.9272269837054297,38.88770611996644,0,44.49249564661506,0.09643240761074391,0
xbx,Sample_chronology,arch_index,-0.7000181835779915,0.46614455577818853,-1.5017191017266542,0.13316966856586962,0.6658483428293481,,mu,0.01,-1.9007269900412342,0.5006906228852512,32.349055414235835,0,37.95384494088446,0.0038040752069646274,1
xbx,Sample_chronology,n_authors_log,-0.1483217255281963,0.39058619136648776,-0.37974134469343224,0.7041374264265776,1,,mu,0.01,-1.1544050828115537,0.8577616317551611,34.87610103768772,0,40.480890564336335,0.041588811569830075,0
xbx,Sample_chronology,n_countries_log,0.03877216100485536,0.39675213066095294,0.09772388856554964,0.9221515460140521,1,,mu,0.01,-0.9831936033970893,1.0607379254068,35.01097681087663,0,40.61576633752525,0.013470969991822245,1
xbx,Sample_chronology,n_samples_log,-0.1569218341282434,0.4012029588170437,-0.3911283072062357,0.6957023978272547,1,,mu,0.01,-1.1903521721197072,0.8765085038632203,34.8623317699645,0,40.467121296613115,0.02500461449933112,1
xbx,Sample_chronology,year_publication,1.0903437808204384,0.45108546389788007,2.4171556569317385,0.015642326344967334,0.07821163172483667,,mu,0.01,-0.07157537549267046,2.252262937133547,32.610262531509036,0,38.21505205815766,0.34399567663924596,1
xbx,Site_description,arch_index,-0.7229058404742864,0.4152736611986952,-1.7407938620224677,0.08171971827075676,0.4085985913537838,,mu,0.01,-1.7925799059819232,0.3467682250333505,31.249793223545183,0,36.854582750193806,0.01703220219231389,0
xbx,Site_description,n_authors_log,-0.8572132826332187,0.3564862814283115,-2.4046178697218736,0.01618938444602636,0.0809469222301318,,mu,0.01,-1.7754610926494436,0.061034527383006076,28.588486202476865,0,34.19327572912549,0.014353584398432798,0
xbx,Site_description,n_countries_log,-0.986883884431609,0.3651545817073259,-2.702646862096896,0.006878978767743994,0.03439489383871997,*,mu,0.01,-1.92745975631848,-0.04630801254473782,26.693615025046643,0,32.29840455169526,0.16197031951470756,1
xbx,Site_description,n_samples_log,-0.8367500545815311,0.44363877046571604,-1.886106693748026,0.05928057847961005,0.29640289239805023,,mu,0.01,-1.9794877997375266,0.3059876905744646,30.534552042418348,0,36.13934156906697,5.890366880728462e-4,0
xbx,Site_description,year_publication,0.344539282126406,0.27637876155692775,1.2466199652444665,0.21253687753986253,1,,mu,0.01,-0.3673652307704827,1.0564437950232948,33.21921842291137,0,38.824007949559984,0.04813500818602192,0
